Job Title,Employer,Location,Salary,Remote Work(Y/N)
Account Executive,Brown & Brown (Europe),"Blackburn, Lancashire",Salary negotiable,
Account Executive,Vermelo RPO,"Southport, Merseyside","£24,000 - £28,000 per annum",
Commercial Account Executive,Brown & Brown (Europe),"Newcastle Upon Tyne, Tyne and Wear",Salary negotiable,
Commercial Account Executive,Brown & Brown (Europe),"Southampton, Hampshire",Salary negotiable,
National Account Executive,Calor Gas Limited,"Home Meadow, Worcestershire",Competitive salary,
Commercial Account Executive,Brown & Brown (Europe),"Crewe, Cheshire",Salary negotiable,
Commercial Account Executive,Brown & Brown (Europe),"Stoke-on-Trent, Staffordshire",Salary negotiable,
Commercial Account Executive,Howden,"Haywards Heath, West Sussex",Salary negotiable,
Commercial Account Executive,Howden,"Basingstoke, Hampshire",Salary negotiable,
Commercial Account Executive,Howden,"Sutton Coldfield, West Midlands (County)",Salary negotiable,
Commercial Account Executive,Jensten Group,London,Competitive salary,
Account Executive / Branch Manager,Brown & Brown (Europe),"Clevedon, Avon",Salary negotiable,
Enterprise Account Executive - People,The Access Group,"New Works, Shropshire",Salary negotiable,
Motor Trade Account Executive,Vermelo RPO,"Wakefield, West Yorkshire","£40,000 - £50,000 per annum",
Motor Trade Account Executive,Vermelo RPO,Essex,"£30,000 - £40,000 per annum",
Account Executive - Motor Trade,Vermelo RPO,"Brentwood, Essex","£30,000 - £40,000 per annum",
Account Executive,Aspire,"Colchester, Essex","£25,000 - £27,000 per annum",
Account Executive,Niche Recruitment Ltd,"Manchester, Lancashire","£25,000 - £27,000 per annum, OTE",
Account Executive,Niche Recruitment Ltd,"Chippenham, Wiltshire","£25,000 - £27,000 per annum, OTE",
Account Executive,Bibby Financial Services,"Adderbury, Oxfordshire","£23,660 per annum",
Account Executive,Niche Recruitment Ltd,"Brackmills Industrial Estate, Northamptonshire","£25,000 - £27,000 per annum, OTE",
Account Executive,STRIDE RESOURCE MANAGEMENT LTD,"Leeds, West Yorkshire","£50,000 - £60,000 per annum",
Account Executive,Zachary Daniels,"Newcastle Upon Tyne, Tyne and Wear","£33,000 - £35,000 per annum",
Account Executive,Zachary Daniels,"Gateshead, Tyne and Wear","£33,000 - £35,000 per annum",
Account Executive,Zachary Daniels,London,"£35,000 - £40,000 per annum",
Account Executive,Zachary Daniels,"South West London, London","£35,000 - £40,000 per annum",
Account Executive,Lucy Walker Recruitment Ltd,"Leeds, West Yorkshire","£24,000 - £27,000 per annum",
Account Executive,STRIDE RESOURCE MANAGEMENT LTD,"Northampton, Northamptonshire","£35,000 - £45,000 per annum",
Account Executive,The Recruitment Business,London,"£28,000 - £34,000 per annum",
Account Executive,Employment Specialists Ltd,"Chelmsford, Essex","£55,000 - £60,000 per annum",
Account Executive,Employment Specialists Ltd,"Chelmsford, Essex","£60,000 - £80,000 per annum",
Account Executive,Magpie Recruitment,London,"£28,000 - £30,000 per annum",
Account Executive,NJR Recruitment,"Manchester, Lancashire","£50,000 - £60,000 per annum",
Account Executive,Reed,"Sutton, Surrey","£28,000 - £35,000 per annum, inc benefits",
Account Executive,Reed,"Wallington, Surrey","£28,000 - £35,000 per annum, inc benefits",
Account Executive,Hays Specialist Recruitment Limited,London,Salary negotiable,
Account Executive,STRIDE RESOURCE MANAGEMENT LTD,"Alton, Hampshire","£65,000 - £75,000 per annum",
Account Executive,This is Prime Limited,"Leeds, West Yorkshire","£38,000 - £42,000 per annum, OTE, inc benefits, negotiable",
Account Executive,h2 Recruit,London,"£80,000 - £100,000 per annum",
Account Executive,Focus Search and Selection,"Paddington, London, London","£45,000 - £65,000 per annum",
Account Executive,Focus Search and Selection,London,"£45,000 - £65,000 per annum",
Account Executive,STRIDE RESOURCE MANAGEMENT LTD,"York, North Yorkshire",Salary negotiable,
Account Executive,Absolutely Recruitment,"Hampton, Middlesex","£25,000 per annum, negotiable",
Account Executive,Reed,"Leeds, West Yorkshire","£27,000 - £32,000 per annum, inc benefits",
Account Executive,Pareto,London,"£45,000 - £80,000 per annum",
Account Executive,DNA,"Bristol, Avon",Competitive salary,
Account Executive,Sphere Digital Recruitment,"East London, London",Salary negotiable,
Account Executive,Halmer Recruit,"Hampton, Middlesex","£24,000 - £25,000 per annum",
Account Executive,YourRecruit,"South Croydon, Surrey","£30,000 - £35,000 per annum",
Account Executive,Calibre Candidates,"Reading, Berkshire","£23,000 - £28,000 per annum",
Account Executive,STRIDE RESOURCE MANAGEMENT LTD,"Enfield, Middlesex","£40,000 - £70,000 per annum",
Account Executive,RGS Recruitment,"Hampton, Surrey","£25,000 per annum",
Account Executive,Trinity Resource Solutions,"Basingstoke, Hampshire",Salary negotiable,
Account Executive,IDEX Consulting Ltd,"Manchester, Lancashire","£40,000 - £70,000 per annum, inc benefits",
Account Executive,IDEX Consulting Ltd,"Leeds, West Yorkshire","£40,000 - £70,000 per annum, inc benefits",
Account Executive,STRIDE RESOURCE MANAGEMENT LTD,"Farnborough, Hampshire","£65,000 - £75,000 per annum",
Account Executive,Burton Recruitment,"Manchester, Lancashire","£40,000 - £80,000 per annum, OTE, negotiable",
Account Executive,Burton Recruitment,"Leeds, West Yorkshire","£40,000 - £80,000 per annum, OTE, negotiable",
Account Executive,IDEX Consulting Ltd,"Birmingham, West Midlands (County)","£60,000 - £85,000 per annum",
Account Executive,Reed,"Warwick, Warwickshire","£23,000 - £45,000 per annum, OTE, inc benefits",
Account Executive,Cavendish Maine Recruitment,"Bristol, Avon","£50,000 - £90,000 per annum",
Account Executive,Chambers and Partners,London,"£35,000 - £60,000 per annum, OTE",
Account Executive,Heat Recruitment,"Manchester, Lancashire","£45,000 - £60,000 per annum",
Account Executive,Exponential-e,"East London, London",Competitive salary,
Account Executive,TalentTech Recruitment,"Wokingham, Berkshire","£55,000 - £65,000 per annum",
Account Executive,Barker Munro Recruitment Ltd,"Maidstone, Kent","£45,000 - £60,000 per annum, negotiable",
Account Executive,h2 Recruit,London,"£48,000 - £48,100 per annum, OTE, inc benefits, negotiable",
Account Executive,Yolk Recruitment Ltd,"Cardiff, South Glamorgan","£70,000 per annum",
Account Executive,The Burford Recruitment Company,"Witney, Oxfordshire","£28,000 per annum",
Account Executive,STRIDE RESOURCE MANAGEMENT LTD,"Manchester, Lancashire","£45,000 - £55,000 per annum",
Account Executive,IDEX Consulting Ltd,Surrey,"£50,000 per annum",
Account Executive,Jayne Watson Recruitment,London,"£26,000 - £28,000 per annum",
Account Executive,theo,London,"£55,000 - £100,000 per annum, OTE",
Account Executive,Macildowie Recruitment and Retention,"Warrington, Cheshire","£30,000 - £34,000 per annum",
Commercial Account Executive,NJR Recruitment,"Stockport, Cheshire","£40,000 - £45,000 per annum",
Sales Account Executive,CEH Recruitment Limited,"Peterborough, Cambridgeshire","£32,000 - £40,000 per annum",
Customer Account Executive,Brite Recruitment Ltd,"Dundonald, Kilmarnock, Ayrshire","£25,000 - £30,000 per annum",
Commercial Account Executive,Heat Recruitment,Lincolnshire,"£50,000 - £75,000 per annum",
Commercial Account Executive,Heat Recruitment,"Northampton, Northamptonshire","£50,000 - £70,000 per annum",
Corporate Account Executive,Heat Recruitment,Leicestershire,"£50,000 - £70,000 per annum",
Commercial Account Executive,Employment Specialists Ltd,"Colchester, Essex","£60,000 - £75,000 per annum",
Commercial Account Executive,Get Recruited (UK) Ltd,"Bristol, Avon","£40,000 - £55,000 per annum",
Senior Account Executive,NJR Recruitment,"Manchester, Lancashire","£65,000 - £80,000 per annum, inc benefits",
Commercial Account Executive,Capio Recruitment Insurance,"Plymouth, Devon","£30,000 - £50,000 per annum",
Commercial Account Executive,Capio Recruitment Insurance,"Cardiff, South Glamorgan","£35,000 - £50,000 per annum, OTE",
Commercial Account Executive,Capio Recruitment Insurance,"Malton, North Yorkshire","£40,000 - £65,000 per annum",
Commercial Account Executive,Capio Recruitment Insurance,"Bristol, Avon","£40,000 - £70,000 per annum",
Development Account Executive,Lawes Consulting Group,"City of London, London","£60,000 - £70,000 per annum",
Commercial Account Executive,Get Recruited (UK) Ltd,"Manchester, Lancashire","£60,000 - £80,000 per annum",
Commercial Account Executive,Get Recruited (UK) Ltd,"Glasgow, Lanarkshire","£40,000 - £60,000 per annum",
Commercial Account Executive,Get Recruited (UK) Ltd,"Glasgow, Lanarkshire","£40,000 - £60,000 per annum",
Commercial Account Executive,Get Recruited (UK) Ltd,"Glasgow, Lanarkshire","£60,000 per annum",
Commercial Account Executive,Get Recruited (UK) Ltd,"Glasgow, Lanarkshire","£60,000 per annum",
Commercial Account Executive,Get Recruited (UK) Ltd,"Manchester, Lancashire","£50,000 - £80,000 per annum",
Commercial Account Executive,Get Recruited (UK) Ltd,"Manchester, Lancashire","£50,000 - £80,000 per annum",
Commercial Account Executive,Get Recruited (UK) Ltd,"Manchester, Lancashire","£50,000 - £80,000 per annum",
Commercial Account Executive,Get Recruited (UK) Ltd,"Manchester, Lancashire","£60,000 - £80,000 per annum",
Commercial Account Executive,Employment Specialists Ltd,"Ipswich, Suffolk","£45,000 - £55,000 per annum",
Commercial Account Executive,Heat Recruitment,"Taunton, Somerset","£30,000 - £40,000 per annum",
Commercial Account Executive,Insight Select Ltd,"Ipswich, Suffolk","£35,000 - £45,000 per annum",
Commercial Account Executive,Insight Select Ltd,"Ipswich, Suffolk","£35,000 - £38,000 per annum",
Junior Account Executive,Capio Recruitment Insurance,"Taunton, Somerset","£30,000 - £35,000 per annum",
Commercial Account Executive,Hays Specialist Recruitment Limited,London,Salary negotiable,
PR Account Executive,Recruitment Hound Ltd,"Portishead, Avon","£26,000 - £30,000 per annum",
Account Executive - Remote,Bright Executive,"City of London, London","£60,000 - £70,000 per annum, OTE, inc benefits, negotiable",
Account Executive - Remote,Bright Executive,"City of London, London","£60,000 - £70,000 per annum, OTE, inc benefits, negotiable",
Property Account Executive,Hays Specialist Recruitment Limited,London,Salary negotiable,
SME Account Executive,STRIDE RESOURCE MANAGEMENT LTD,"Liverpool, Merseyside","£30,000 - £35,000 per annum",
Insurance Account Executive,Heat Recruitment,"Sheffield, South Yorkshire","£35,000 - £45,000 per annum",
Senior Account Executive,John Williams Recruitment,London,"£35,000 - £50,000 per annum",
Commercial Account Executive,Get Recruited (UK) Ltd,"Manchester, Lancashire","£50,000 - £80,000 per annum",
Amazon Account Executive,Office Angels,"Wakefield, West Yorkshire",Competitive salary,
Commercial Account Executive,IDEX Consulting Ltd,"Northampton, Northamptonshire","£50,000 - £75,000 per annum",
Commercial Account Executive,Capio Recruitment Insurance,"Bristol, Avon","£30,000 - £50,000 per annum",
Account Executive - DACH,Certus Recruitment Group,London,"£40,000 - £60,000 per annum, inc benefits, negotiable",
Commercial Account Executive,Capio Recruitment Insurance,"Stroud, Gloucestershire","£25,000 - £40,000 per annum",
Online Account Executive,Cameo Consultancy,"Banbury, Oxfordshire","£29,000 per annum",
Amazon Account Executive,Office Angels,"Wakefield, West Yorkshire",Competitive salary,
Client Account Executive,HR GO Recruitment,"Lynx Trading Estate, Somerset","£26,000 - £35,000 per annum",
PI Account Executive,Capio Recruitment Insurance,"Bristol, Avon","£30,000 - £50,000 per annum, OTE",
National Account Executive,Niche Recruitment Ltd,"Newbury, Berkshire","£36,000 per annum",
Commercial Account Executive,Get Recruited (UK) Ltd,North Yorkshire,"£30,000 - £40,000 per annum",
Commercial Account Executive,Get Recruited (UK) Ltd,North Yorkshire,"£30,000 - £40,000 per annum",
Commercial Account Executive,Get Recruited (UK) Ltd,North Yorkshire,"£30,000 - £40,000 per annum",
Senior Account Executive,Language Matters,Ireland,"€39,000 - €44,000 per annum, OTE",
Commercial Account Executive,Employment Specialists Ltd,"Colchester, Essex","£50,000 - £60,000 per annum",
Commercial Account Executive,Employment Specialists Ltd,"Ipswich, Suffolk","£50,000 - £60,000 per annum",
Customer Account Executive,First Recruitment Services,"East Grinstead, West Sussex","£26,000 - £27,700 per annum",
PPC Account Executive,Sphere Digital Recruitment,London,Salary negotiable,
Commercial Account Executive,Heat Recruitment,London,"£40,000 - £60,000 per annum",
Insurance Account executive,Tate Hitchin,"New Milton, Hampshire","£36,000 - £40,000 per annum",
Account Executive - SaaS,C4S Search Ltd,London,"£90,000 - £100,000 per annum, OTE",
Commercial Account Executive,Lawes Consulting Group,"Borehamwood, Hertfordshire","£55,000 - £60,000 per annum",
Junior Account Executive,TalentTech Recruitment,"Sheffield, South Yorkshire","£35,000 - £40,000 per annum",
Junior Account Executive,STRIDE RESOURCE MANAGEMENT LTD,"Leeds, West Yorkshire","£30,000 - £35,000 per annum",
Senior Account Executive,Reeta Vickers Recruitment Ltd,"Manchester, Lancashire","£26,000 - £30,000 per annum",
Senior Account Executive,Morgan Rutherford Associates,"City of London, London","£55,000 - £70,000 per annum, OTE",
Commercial Account Executive,Heat Recruitment,"Whyteleafe, Surrey","£45,000 - £60,000 per annum",
National Account Executive,The Advocate Group,London,Salary negotiable,
Commercial Account Executive,Lawes Consulting Group,"Glasgow, Lanarkshire","£30,000 - £50,000 per annum",
Senior Account Executive,Equal Education Partners,"Liverpool, Merseyside",Salary not specified,
Customer Account Executive,Duval Associates Ltd,"Manchester, Lancashire",Competitive salary,
Commercial Account Executive,Moorepay,"Swinton, Manchester, Lancashire",Competitive salary,
Key Account Executive,MorePeople,"Ashford, Kent, Kent","£33,000 - £45,000 per annum",
Servicing Account Executive,IDEX Consulting Ltd,"Leeds, West Yorkshire","£50,000 - £65,000 per annum",
Commercial Account Executive,Insure Recruitment,"Hednesford, Staffordshire",Salary negotiable,
Graduate Account Executive,CN Sales Recruitment,"West London, London","£25,000 - £30,000 per annum",
Graduate Account Executive,CN Sales Recruitment,"West London, London","£27,000 - £30,000 per annum",
UHNW Account Executive,STRIDE RESOURCE MANAGEMENT LTD,"Mayfair, London","£45,000 - £100,000 per annum",
Commercial Account Executive,CKB Recruitment,"Preston Farm Industrial Estate, Cleveland","£35,000 - £50,000 per annum",
Commercial Account Executive,CKB Recruitment,"Colden Common, Hampshire","£45,000 - £80,000 per annum",
Marketing Account Executive,Smart 10 ltd,"Ware, Hertfordshire","£30,000 per annum",
Junior Account Executive,Pareto,"Kendal, Cumbria","£25,000 - £30,000 per annum",
Junior Account Executive,Pareto,"Newcastle Upon Tyne, Tyne and Wear","£26,500 per annum",
Junior Account Executive,Pareto,"Darlington, County Durham","£26,000 - £34,000 per annum",
Junior Account Executive,Pareto,"Luton, Bedfordshire","£26,000 - £28,000 per annum",
Junior Account Executive,Pareto,"Cardiff, South Glamorgan","£26,500 per annum",
Junior Account Executive,Pareto,London,"£32,000 - £40,000 per annum",
Junior Account Executive,Pareto,"Maidenhead, Berkshire","£28,000 - £38,000 per annum",
Junior Account Executive,Pareto,"Marlow, Buckinghamshire","£28,000 - £38,000 per annum",
Junior Account Executive,Pareto,"Watford, Hertfordshire","£28,000 - £30,000 per annum",
Junior Account Executive,Pareto,"Bury, Lancashire","£28,000 per annum",
Junior Account Executive,Pareto,"Leeds, West Yorkshire","£28,000 per annum",
Junior Account Executive,Pareto,"Watford, Hertfordshire","£28,000 - £30,000 per annum",
Junior Account Executive,Pareto,"Birmingham, West Midlands (County)","£25,000 per annum",
Junior Account Executive,Pareto,"Shoreham-by-Sea, West Sussex","£25,000 - £40,000 per annum",
Junior Account Executive,Pareto,"Brighton, East Sussex","£25,000 - £40,000 per annum",
Junior Account Executive,Pareto,"Chessington, Surrey","£26,000 per annum",
Junior Account Executive,Pareto,"Solihull, West Midlands (County)","£28,254 per annum",
Junior Account Executive,Pareto,"Birmingham, West Midlands (County)","£25,000 per annum",
Junior Account Executive,Pareto,"Shoreham-by-Sea, West Sussex","£25,000 - £40,000 per annum",
Junior Account Executive,Pareto,"Solihull, West Midlands (County)","£28,254 per annum",
Junior Account Executive,Pareto,"Bristol, Avon","£25,000 - £28,000 per annum",
Junior Account Executive,Pareto,"Brighton, East Sussex","£25,000 - £40,000 per annum",
Junior Account Executive,Pareto,"Shoreham-by-Sea, West Sussex","£25,000 - £40,000 per annum",
Junior Account Executive,Pareto,"Brighton, East Sussex","£25,000 - £40,000 per annum",
Junior Account Executive,Pareto,"Cardiff, South Glamorgan","£26,500 per annum",
Junior Account Executive,Pareto,"Newcastle Upon Tyne, Tyne and Wear","£26,500 per annum",
Junior Account Executive,Pareto,"Luton, Bedfordshire","£26,000 - £28,000 per annum",
Junior Account Executive,Pareto,London,"£26,000 per annum",
Junior Account Executive,Pareto,"Darlington, County Durham","£26,000 - £34,000 per annum",
Junior Account Executive,Pareto,"Darlington, County Durham","£26,000 - £34,000 per annum",
Junior Account Executive,Pareto,"Kendal, Cumbria","£25,000 - £30,000 per annum",
Junior Account Executive,Pareto,"Hull, North Humberside","£25,000 - £28,000 per annum",
Junior Account Executive,Pareto,"Manchester, Lancashire","£25,000 - £30,000 per annum",
Junior Account Executive,Pareto,"Cardiff, South Glamorgan","£26,500 per annum",
Junior Account Executive,Pareto,"Luton, Bedfordshire","£26,000 - £28,000 per annum",
Junior Account Executive,Pareto,London,"£26,000 per annum",
Junior Account Executive,Pareto,"Newcastle Upon Tyne, Tyne and Wear","£26,500 per annum",
Junior Account Executive,Pareto,London,"£32,000 - £40,000 per annum",
Junior Account Executive,Pareto,"Tunbridge Wells, Kent","£25,000 - £30,000 per annum",
Junior Account Executive,Pareto,"Brighton, East Sussex","£25,000 - £40,000 per annum",
Junior Account Executive,Pareto,"Sheffield, South Yorkshire","£26,000 - £34,000 per annum",
Junior Account Executive,Pareto,"Manchester, Lancashire","£26,000 - £34,000 per annum",
Junior Account Executive,Pareto,"Northampton, Northamptonshire","£26,000 - £34,000 per annum",
Junior Account Executive,Pareto,"Cambridge, Cambridgeshire","£26,000 - £34,000 per annum",
Junior Account Executive,Pareto,"Bellshill, Lanarkshire","£25,000 - £40,000 per annum",
Junior Account Executive,Pareto,"Sheffield, South Yorkshire","£26,000 - £34,000 per annum",
Junior Account Executive,Pareto,"Manchester, Lancashire","£26,000 - £34,000 per annum",
Junior Account Executive,Pareto,"Northampton, Northamptonshire","£26,000 - £34,000 per annum",
